{
  "remote control": {
    "num_views": 10,
    "learned": 1768690852.1533835,
    "last_seen": 1768690864.7357156,
    "times_recognized": 0
  },
  "iphone": {
    "num_views": 10,
    "learned": 1768690887.5944116,
    "last_seen": 1768690900.169205,
    "times_recognized": 0
  }
}